,date,entry
0,21.06.2019,"[""edit 2: gercekten bu kadar olmaz, en son aradiklarinda dediler ki vergi kimlik numarasini yanlis girmissiniz sistem onun icin size normal bir sira atamis. ben de dedim ki, sizin siramatiginiz kayitli olmayan vergi numaralarini cikartmiyor. cunku hakikaten ilk denedigimde bu vergi kimlik nosuna ait kayit olmadigindan numara verilemiyor gibi bi uyari almistim. ıkinci kez denedigimde dogru girdigim icin verildi dedim. biz bir kez daha inceleyip size donelim dediler. simdi yeniden incelemisler ve bana israrla yanlis vergi kimlik numarasimdan aldigimi soylediler. ben de rica ettim, gise de oturan kisiye ise ``bakin bu biletle 1 saattir bekliyorum dedim, ve elimden aldigi bilet numarasi ile sirketin ismini soyledi evet 1 saat olmus beklemeniz dedi`` ses kaydi eminim yapiyorsunuzdur, lutfen kayitlarinizi inceleyin dedim. bir de garanti bizi yalanci cikardi ve daha fazla arastirma yapamayacaklarini soyledi. gun itibariyle garanti ile tum ilisigimi kesiyorum cunku bankanin istedigi bu. bakin diyorum ki dogru bilet aldim gisede oturan gorevli sirketin ismini kendisi soyledi elimdeki kagida istinaden sizin verdiginiz geri donus hatali diyorum ama maalesef daha fazla yapabilecegimiz bir sey yok diyorlar. ayrica gecen hafta 1.donem hesap isletim ucreti kesmisler, 3 adet faturanizi otomatige baglarsaniz kesmeyecegiz demislerdi hesap acilirken, ve 3 fatura otomatikde su anda 16 euro kesilmis. sizler de kontrol edin hesaplarinizi boyle boyle cebimizden cikan paranin haddi hesabi yok.bugun, garanti bankasi florya subesinde kurumsal islemler icin sirket adina aldigim sira numarasini saat 13:35`de idi. daha sonra her yeni gelen kisinin benden daha az bekleyip onume gectigini gorunce, bir de sahsi hesabimdan numara aldim. bu numarayi ise saat 13:50 de aldim. yaklasik 50 dakikalik beklemenin nihayetinde kisisel hesaptan aldigim numara sirket hesabindan aldigimdan daha once geldi. lutfen bu basligin altina hesabindaki paraya gore geliyor falan yazmayin, cunku sirket hesabindaki meblag ile kisisel hesabin meblagsinin farkini da geciyorum, oncelikli olarak yine sirkete gelmedi siralama. ve evet, velev ki hesaba gore de geliyor, bunun da bir hakkaniyeti olmasi gerekmekte. hesabinda hic para olmayan birisi, ya da kredi borc bataginda olan birisi 13:30 da sira numarasi alip, her gelen ondan daha iyi diye saat 17:00 ye kadar bekleyecek mi?zaman en degerli hazinemiz. 1 saat bugun garanti bankasinda bekledim ve gerekli sikayeti telefon bankaciligi ile de gerceklestirdim. bundan sonra ki sureclerde eger olursa bir gelisme buraya yazacagim ancak hem orada oturanlarin hem de internette gorduklerime istinaden garanti bankasi sira bekleme algoritmasi ile ilgili olarak bir cok sikayet mevcut.edit:garanti ekşi sözlük aracılığı ile ilk cevabını verdi, tabii ki de algoritmanın nasıl olduğu ile ilgili degil cevapları, su linki inceleyin garanti mobilden şubeye gelmeden sıra alabilirsiniz demişler. yalnız verdikleri linkin çalışmadığını da yine kendilerine ben söyledim.. kurumsal bir şirketin mailinden, hesabından bir şey yazarken bir kez olsun tıklayıp bir kontrol edilip de müşteriye gönderilmeli, evet sizin yorumlarınızı önemsiyoruz diye yazıp aktif olmayan link vermek olmuyor. garanti'nin cevabı ss güzel uygulama açıkcası, şubede bilgilendirmediler şikayetimi dile getirdiğimde, onun yerine bu saatler çok kalabalık sabah gelirseniz daha iyi olur az beklersiniz diye bir cümle de kuruldu.. kim müşteri anlamış değilim.yarın telefon ile yaptığım şikayet ile ilgili geri dönüş yaparlarsa onu da paylaşacağım. telefonda şirket vergi numarasına kadar herseyi söyledim. bu arada şikayetlerinizi de otomatik yapıyorsunuz, yani müşteri hizmetlerine baglanamıyorsunuz şikayet vermek icin, kendi kendinize konuşuyorsunuz cevap bekliyorsunuz. sanıyorum çalışanların vakitlerini şikayet dinlemekle dolduramayız demişler.ayrıca onlarca mesaj geldi, herkesin mutlaka bir şekilde bir sıkıntısı ve sorunu olmuş bu durumdan. ve evet belki 1 kişinin hesabını başka bankaya alması bir şeyi değiştirmeyecek ancak bir arkadaşın yazdığı bi entry de 1000 kişi hesabını çekerse algoritmayı düzenlerler demiş. böyle seyler de hep böyle ufak şeylerden başlamaz mı.."", 'tahminime göre genel anlamda bankanın senden ne kadar para kazandığı ile ilgilidir. banka kendini ucuza satmaz. sadık müşteri falan da hikayedir.--- spoiler ---1 yukaridaki yorum icin yaziyorum, o zaman herkes milyon dolarlari olana kadar banka kuyruklarinda saatlerce beklesin, her gelen senin onune gecsin sen de 3 saat bekle ve de ki ama o milyon dolarlar donduruyor onun hakki. bu mu sizin adalet anlayisiniz? mutlaka bu algoritmalarin duzenlenmesi lazim. garanti bankasi florya ve garanti bankasi sefakoy subelerinde ben de ayni problemi yasadim. ve orada sira bekleyen herkes de bundan sikayetci.--- spoiler --- benim adalet anlayışımı nasıl çıkardınız, anlamak mümkün değil. ben uygulamayı övmedim, haklı da bulmadım. sadece tahminimi yazdım. sadece bankacılık sektöründe değil her sektörde ahlaki normları olmayan olsa da gelişmemiş firmalarla çalışmıyorum. daha iyi bir dünya için siz de öyle yapın.', '1 yukaridaki yorum icin yaziyorum, o zaman herkes milyon dolarlari olana kadar banka kuyruklarinda saatlerce beklesin, her gelen senin onune gecsin sen de 3 saat bekle ve de ki ama o milyon dolarlar donduruyor onun hakki. bu mu sizin adalet anlayisiniz? mutlaka bu algoritmalarin duzenlenmesi lazim. garanti bankasi florya ve garanti bankasi sefakoy subelerinde ben de ayni problemi yasadim. ve orada sira bekleyen herkes de bundan sikayetci.', ""sonradan gelen yaşlılara ve çocuklu kadınlara da öncelik veren algoritmadır. şubede uzun süre bekleyenlerin verdiği tepkiler üzerine bizzat garanti bankası çalışanı tarafından sistem bu şekilde ifade edilmiştir. 14.00'da şubede olan şahsıma 16.20'de sıra gelmiştir."", 'bokum gibi algoritmadır. sadece yaşlı olanın öne geçebileceği bir algoritma olabilir mi? veznedeki adam bile bilmiyor nasıl çalıştığını. ayrıca şubeye gidiyorun 5 tane vezne var ama yalnızca birinde çalışan var. tabi 2-3 saat bekleriz. bu durumun algoritma ile alakası yok canısı. siklenmiyoruz.', 'o algoritmanın amk.hem param orada olacak hem de salak bir algoritma yüzünden saatlerimi kaybedeceğim.elimden geldiğince şubeye gitmemeye çalışıyorum ve gerçekten gitmiyorum. lakin bazen 2.000 tl üstü para çekmem gerektiğinde bu eziyete maruz kalıyorum, 30 dk geçen beklemelerde direkt müdüre çıkıp saydırıyorum, hemen işlemi yapıyorlar.çıkın saydırın. işleminiz hemen yapılıyor.yoksa algoritmanın sikinin keyfine saatlerce beklersiniz.öfkenizi gösterin, sikerler algoritmasını.', 'banka şubelerinin alayından nefret ediyorum. çok uzun zamandır da gitmiyorum. internet şubeden ya da telefondan halletmeye çalışıyorum. ama bu sıra işi gerçekten bela.yıllar önce gittiğimde ziraat şubelerinden bir tane buton vardı (dijital değil) basıyorsun sıradan numara veriyordu ve sıradan çağırıyordu.en güzeli bu.siktirtmeyin algoritmanızı da bankalarınızı da.', 'şu an bankadayım. bir dakika sonra işim bitecek. sıra numarası filan almadım.not: sistem biraz yavaş bugün fazla beklemek zorunda kaldım.', 'hesaptaki para ile ilgisi olduğunu benim de zannetmediğim algoritma.zaten hesabında milyon olan adam pek sıra ile falan uğraşmıyor banka müdürü ile iki taşşak muhabbeti yapıp şubeye dahi gitmeden telefonla işlerini hallettiriyor.', ""olm kapitalizmle yaşıyorsunuz kurallarını nasıl anlayamıyorsunuz?cebinde 100 lira olan bin müşteri var, 10000 lira olan bir. elbette önce çok parası olanı alacak. garanti bekletse teb'e gider, niye gitmesin?""]"
1,21.06.2019,"[""banka sizi adamdan saymıyor amk. ben sıra no bil e almıyorum. direk blt ''nın yanına gidiyorum çayım geliyor zaten."", 'bankacılık ürünlerinin kullanımı ile ilgilidir. çok parası olmak ile alakalı olmadığını şahsen biliyorum. yalnız sizin sıranızın bekleyenlerden önce gelmesi de sinir bozucudur. homurdanmalar eşliğinde gişeye doğru yürümek eziyetini yaşamak istemiyorum. haklarını yiyormuş hissi, gerginlik... sırası gelen işini yapsın işte. bu kolej çocuğu yönetici fikirleri yüzünden bunlar oluyor. bankada üç kuruşa çalışan güvenlik personelinin zorlanması, gişe memurlarının her gün yedikleri azar falan parlak fikir bulma toplantılarında konuşulmaz.', 'hayret lan milyon dolarları olup ben şunu yapmıyorum banka eve yolluyo temsilciyi diyenler damlamamış.. benim bildiğim kişisel hesabında iyi para varsa zaten sana özel 1 temsilci veriyorlar sıramatiğe uğramıyorsun üstüne kahveler geliyor sohbetler ediliyor ille gişe işlemi varsa ya şu numaralıya gidin sizi alacak yada kendi gidip yapıyor işlemi vs.. başlığı açan arkadaşın olayı belki kurumsal hesap olduğu içindir bilemedim ama genel olarak paraya bakılmaksızın 2 kendi müşterisi 1 başka müşteri gibi bir ayrıcalık var diye biliyorum. direk bankacı varsa yazarsa daha aydınlanırız.', ""üniversite okurken harçlar garantiye yatırılıyordu. 4 saat sıra bekledikten sonra kendi kendime dedim ki, bir daha bu bankanın önünden bile geçmeyeceğim.nitekim geçmedim.en son 4 sene önce bonus kart verelim diye aramışlardı. çok net bir şekilde kendileri ile işim olmayacağını söyledim. evet cebinde 100 lirası olan ile 10.000 lirası olan banka için bir olmayabilir. ama 100 lirası olana da köpek muamelesi çekemezsin. garanti bu konuda aşmış bir banka. diğer bankalarda da müşteriler önce alınıyor ama araya normal sıra serpiştiriliyor. garanti'ye gidin beklediğiniz süre boyunca hep müşteri gelir kartı ile sıra alırsa size sittin sene sıra gelmez."", ""birkaç ay önce bakırköy-incirli caddesi şubesi'nde 1 saat 43 dakika beklemenin ardından sesimi yükselterek işlem yaptırabildiğim bankanın algoritması. böyle bir bankanın yapmaması gereken çok rezil bir hata."", 'müşterilerini bilmiyorum ama müşterisi olmayan kişileri çıldırtan algoritmadır. ""al goritmanı da git"" dedirtir. ben müşterisi değilim ve 3 sene önce uzun süre beklediğimi hatırlıyorum. müşterisi olacağım varsa da olmam. bundan sonraki beklemeler için en fazla van minüt kıstası koyuyorum, uymazlarsa daha da gitmem ben garanti\'ye...', 'daha çok parası olan öncelikli diye biliyorum ben.', ""paraya veya hesap geçmişine göre öncelik veriyor o kesin fakat keşke beklenen zamanı da gözetse ve 30dk'dan sonra bekleyeni öne alsa.bu arada eğer o an çıkan bir durum değilse, cep uygulamasını kurun kullanın. randevu alınabiliyor, mesela sabah randevu alıp öğlen gidersiniz vs. gidince sıra anında size geliyor.(yarım saatlik bir aralık seçiyorsunuz) bana hep öyle oldu. (orada tc kimlik ile numara alıyorsunuz veya yine cepten numara alıyorsunuz)"", 'adamına göre muamele yapan algoritmadır. algoritmaya kızan bir daha gitmesin. başka banka mı yok.', 'en az 20 farklı sıra numarası veren saçma sapan algoritmadır. aldığınız sıra numarasının çağırılmasına 1 kişi kalsa dahi araya 10 farklı sıra numarası sokarak 1 saat daha beklemenize sebep olur.(bkz: garanti bankası pişmanlıktır)edit: imla']"
2,21.06.2019,"['(bkz: garanti bankası) müşterilerinin %70-80 nini miles&smiles sayesinde bünyesinde tutarak herkese türlü türlü küfür ettiren (kendisine) ve müşterilerine her konuda ama her konuda mütemadiyen eziyet eden bankadır.', ""aynısını konuştuk geçen, bankada işlem sırası bekleyen kimse yokken numara aldım.yani bir sonraki 'dın' her türlü bana çalacak.ben halen sıra beklerken 5 dakika sonra bir kişi daha geldi numara aldı.ondan iki üç dakika sonra birisi daha geldi numara aldı.bu sırada sıra da ilerlemeye başladı. biz garanti kartımızla aldığımızdan rahatız tabi. ama sıra bizden sonra gelene geldi.daha sonra içeri giren insanlar oldu, yaklaşık 2-3 kişi daha sıra aldı, hepsi bizden önce işlemini halletti. lanet olası sistem banka boşaldıktan sonra sırayı bize verdi.numara verme sırası merkezden yönetiliyor dedi gişedeki armut arkadaş."", '(bkz: adamına göre muamele)', 'bakırköy istanbul caddesi şubesinde de geçerli olan inanılmaz berbat algoritma. söylendiği gibi hesaptaki miktarlarla falan ilgisi olduğunu sanmıyorum. saatlerce bekleyip müdürle kavga edip çıktım.', 'genelde yeni müşterisi olacakları, ya da yeni kredisiz, kartsız müşterilerini öne aldıklarını sanıyorum.', 'hesaptaki parayla ilgisi yoktur çünkü kendimden biliyorum. eğer öyle olsaydı, beni kucakta taşırlardı. iki adet numara alıyorum, birisi kartımla diğeri de garanti’ de hesabı olmayan eşimin tc kimlik nosu ile. hangisi önce gelirse. baktım bu da olacak gibi değil, müşteri temsilcisinden numara alıyorum. bir kez de “yeter ulan” diye bağırmışlığım vardır. güvenlik görevlisi de beni uyarmak zorunda kaldı.', 'elektrik faturasını internetten yatırmayı bilmeyen, maaşını illa banka veznesinden almak isteyen, oğluşuna 150 tl bursu eft, havale yapmayı bilmeyen amcalar teyzeler yüzünden bu sıra. onun dışında gerçekten salakça bir algoritma. ilk gelen ilk girmeli. (bkz: fifo stack) bu kadar net!', 'bankaya girince önce müşteri bilgisi girmeden, sonra kartla veya müşteri bilgisiyle sıra alıyorum. başka alternatifler varsa onları da değerlendiriyorum. en nihayetinde her türlü kombinasyonda sıramı bekliyorum, hangisi önce gelirse artık. ama aşamadığım tek bir şey var. örneğin müşteri bilgisi ile sıra alanların numaraları 101-102 diye gidiyor olsun. benim numaram 107 olsun. müşteri bilgisi olmadan alınan sıra numaraları da atıyorum 701-702 diye devam etsin. buradaki numaram 712 olsun.hadi üçüncü alternatif (karttır, falandır, filandır) o da 1001,1002 diye gitsin. benim sıra numaram 1009 olsun. olay şöyle gerçekleşiyor', 'şuan garanti bankasinın bir şubesinde bu entryi okuyor olmakla birlikte yazar arkadaşa fazlasıyla hak veriyor ve arttırıyorum bende onların gelecek kaygılarını seveyim.', 'daha yeni benzer tuhaflık yapı kredi bankasında başıma gelmişti.girişte kalabalık olduğunu görünce güvenlik görevlisine ""kalabalık görünüyor kağıtta da kaçıncı sırada olduğum yazmıyor, benim işlemim ne zaman gelir?"" dediğimde ""valla hic belli olmuyor 34 farklı grup var."" cevabını aldım.aşağı yukarı 45 50 dk beklemeden sonra islem sırası bana geldi. halbuki yakınlarda halledebilecegim işler vardı bu süreçte.reklamlara bakarsınız teknolojinin her kısmından faydalanan bu kuruluşlar, basit bir sıra işini bile eline yüzüne bulaştırıyor.ayrıca eskiden telefonla arayarak eskiden 10 dk 20 dk beklesek de bir insanla görüşebiliyorduk.artık o da kalmadı. saçma sapan sanal telesekreterle boğuşmaktan canlı kanlı bir insanla görüşemiyoruz.']"
3,21.06.2019,"['işbankası direkt müdüre yönlendiriyor, eğer belli bir miktarın üzerinde hesapta para varsa. sıra numarası vermiyor. siz müdür ile sohbet ederken işiniz hallediliyor ve kalkıp gidiyorsunuz.', 'gerçek sebebini kimse nedense yazmamış, şirket temsilcisi olarak banka şubesine giden adamın da kesinlikle bilmesi gereken bir algoritmadır.algoritma yoktur.1- bankalarda her çalışan kurumsalla ilgilenemez. kurumsal müşteriyle ilgilenen 1 çalışan varsa bireyselle ilgilenen 5 olabilir.2- kurumsal müşterilerin işlem süreleri doğal olarak daha uzundur.3- şirketinizle ilgilenen, şubede bir bankacı bulun, iyi ilişkiler geliştirin. bir daha ne bankaya gidersiniz, ne de sıra beklersiniz. yeterince hacimli müşteriyseniz ve ilişkileriniz iyiyse, bu temsilciniz evraklarınızı evinize kadar veya ofisinize kadar bile getirebilir.', 't : kapitalizmin en baba figürlerinden olan banka ile ilgili herhangi bir konuda adalet bekleyen yazarların yazdığı başlık. tüm bankalarda sistem bellidir. teb finans garanti ykb hepsi aynıdır. ben finansla çok para çekme islemim oluyor ama çözümü tüm bankalarda aynı ve basit. ısmi bankaya göre değişmekle birlikte paketler var sayın aldığımız , ykb de sedir , qnb de platinum vs ismiyle geçiyor. pakettin özelliklerinden birisi şu', 'bireysel, kurumsal ve yeni eklenen özel ihtiyaç sıralaması kendi aralarında iç içe girmiş durumdadır.sürekli güncellenen müşteri portföyüne görenormalözel vipolarak 3 müşteri tipi vardır.3 bireysel, 3 de kurumsal etti sana 6 tip. banka müşterisi olmayanları da ekleyince 7bir de yaşlı, engelli , çocuklu gibi durumlar için de ekle 8 tip müşteri varaldığınız numara genelde ilk hanesine göre bu belli olur. ama bu sistemi hep değiştiriyorlar ki ortaya çıkmasın.gidip müşteri temsilcisinden numara alırsanız bireysel/kurumsal vip numara alabilirsiniz.bunun dışında en mantıklısı bankaya hiç gitmemek.', ""kurumsal ve bireysel ayrımı yapmadığı için olmayan algoritmadır.(#91532670) olması gereken uygulama bu evet ama garanti bankası'nda mevcut değil. kurumsal/bireysel fark etmeksizin sıra alıp beklemek durumunda kalıyoruz. yani kalıyordum. kurumsal müşterisi olmayı bırakarak bu sorundan kurtuldum."", 'algoritma vs bilmiyorum, kartım ile sıra aldığımda max 3dk bekliyorumdiamond elite plus platinum', 'algoritma vs biliyorum. ben daha sıra almadan sıra geliyor. diamond plus platinum kriptonyum.', 'geçmiş zamandı, bir devlet bankasında sıra beklerken bir tanıdık geldi. banka müdürü üst kattan aşağı indi kendisini kapıda karşıladı, beraber müdürün odasına çıktılar. işlemleri orda halledildi. sıra dediğin biz fakirlere.', 'tek kelime ile iğrençtir. allahtan tel bankacılığı zart zurt var da görmüyoruz kendilerini. mecbur kaldığımızda iflahımız sikiliyor beklemekten. yıllardır bu böyle.', '-10.000 lirayı çok para sananlar var amk. çok ilginç.']"
4,21.06.2019,"['güven bunları daha önce anlattı', '(bkz: 2019 yılında garanti bankası kullanan insan)', 'yıllardır garanti bankasının kapısından bile geçmememe sebep olan algoritmadır.gitsin kumda algoritsin.', 'maaşım bu bankaya yatıyor, mecburen kullanıyoruz. şubeye gitmemek için hemen hemen her işimi sanal ortamdan hallediyorum. son dönemde vize işlemlerinde istenilen evrakları toparlamak vs için bir kaç defa şubeye gitmek durumunda kaldım. net söylüyorum elimde olsa şube kapısının önünden geçmem, her defasında en az 2 saat beklemek zorunda kalıyorum. allahtan çalıştığım şirket ile garantinin anlaşması bitiyor, inşallah bir kaç ay içinde kurtulacağız.bir ara cep uygulaması üzerinden şubeye randevu ile gitme sistemi getirmişlerdi. geçen sene bu şekilde halletmiştim, bu sene kaldırmışlar. şubede bekleme sorununu çözemezseniz batarsınız.edit: garanti mobil uygulaması üzerinde randevu sistemi devam ediyormuş. sadece kolayca bulunur bir yerde değil. hesabınıza giriş yapmadan şube/atm linkinde yer alıyor. hesabınıza giriş yapıp ararsanız, benim gibi bulamazsınız. ayrıca oldukça yoğun, ancak 2 gün sonrasına randevu bulabildim.', ""amex platinum'um ile bankaya girmemle sıranın bana gelmesi bir oluyor. insanlar tip tip bakıyor vay pis zengin diye ama olsun memnunum ben bu algoritmadan."", 'yazarlarımız açıklamış ama en net ifadeyle sırayla değil parayla alakalı durumdur. sen ne kadar kar ettiriyorsan o kadar önceliklisin.', 'garanti cep uygulamasından randevu alıp gittiğinizde ilk sırayı size vermektedir. 2019 yılında garanti müşterisi olup da hala bunu bilmeyen varsa ne bileyim, modemi falan kapatsın yani.', 'banka da ki parasına göre sıra vermiyor diyen arkadaşlar içindir bu entari.hesabında bir kaç milyoncuk olan bi tanıdığım sıra beklemeden işlerini halletmektedir.nasıl mı ? internet bankacılığı kullanarak değil tabiki direk müdürün odasına girerek. içtiği çayları da kar payı olarak görmektedir.', 'garanti cep sube mobil uygulasinda giris yapmadan gelen atm/sube sekmesi altinda randevu islemleri sekmesinden istenilen her subeden istenilen her saatte randevu alarak sira beklemeden, hesabinizda ne kadar oldugunun onemi olmadan isleminizi gerceklestirebilirsiniz. sonrasinda da ben 1 saat beklerken neden 2 dk once gelen birisi onume geciyor diye sormazsiniz.', 'mobil uygulamadan randevu alarak bir nebze bertaraf edilebilen algoritma.banka memurlarına sorunca yaşlılar falan diyerek dramatize eden cevaplar geliyor. kaç tane yaşlı var da sırada iki kişi varken on kişi bekliyoruz onu demiyorlar hiç.']"
5,21.06.2019,"['bankadaki para değil banka ile ilişkin bankanın ne kadar ürününü kullanıyosun. bankadan kredin var mı. yatırım hesabın var mı. bunlar etkili ben yıllardır garanti ile çalışırım ama kişisel bankacım olmadı hiç en son yurt dışı yatırım hesabı açtırdım sonrasında sıra aldığımda sıra vermiyor direkt isim yazıyor şu kişi ile görüşebilirsiniz diyor.', ""bankalar aralarında bir ağ kurmuşlar böyle şubeye uğramayan adamları tespit edip şubeye düştükleri anda o uğramadıkları zamanın acısını çkartıyorlar. bence algoritma böyle çalışıyor. 15 günde bir işiniz olmasa bile 5 dakikalığuna herhangi bir banka şubesine girin ve kameraya bakıp çıkın. kendinizi sürekli hatırlatın.yaklaşık 5 yıldır bankacılık işlemleri için hiçbir banka şubesinden içeri girmedim. hesap açma kapatma işlemleri de dahil hepsini mobil ya da internet şubesinden yapıyordum. garanti bankası ' n da olan hesabımı da ocak ayında yine internet şubesi üzerinden kapatmıştım. geçen ay kuzen almanya ' dan ailesinin fitre si olarak fakir olanlara dağıt diye western union ile 1000 euro havale gönderdi. yolumun üstünde olan garanti bankası şubesine gittim. saat 13. 20 sıraları idi. kapıda benden önce bekleyen 1 kişi vardı sonra çoğaldı, kapılar açılınca sırası ile numara aldık ve ben ilk sıra benim hangi bankoda numaram yanacak şimdi acaba diye bekliyorum. sonradan gelen girdi, gelmeyen girdi, yoldan geçen adamı kolundan tutup getirdiler, kahveden adam çağırdılar, karşıdaki kokoreçci tezgahı bıraktı geldi, kokorecin üzerine kızarsın diye koyduğu yarım ekmek yanmadan parasını yatırdı gitti, kokoreci ekmeğe döşemeye başladı, ama bana sıra gelmedi. 13. 30' da ikinci sırada girdiğim bankada saat 15' i geçerken sıra geldi. parayı istedim, müşterimiz olmadığınız için nah alırsın sistem yok dediler ve su bile vermeden gönderdiler."", 'olmayan algoritmadır. raslatısal olarak şansa sıra gelmektedir.', 'algoritma kelimesi geçtiği için bilgisayar biliminden bir bakınız verecegim algoritma.(bkz: priority queue)', 'lan aramızda hala garanti bankası kullananlar mı var!!! müstehak size, kullanmayın olm şu lanet bankayı, başka banka mı yok.her sene maaş hesabımdan kart aidatı çekip durdular baktım her sene çekiyorlar, ben de istifa ettim.', 'yıl olmuş 2019, hala garanti bankasıyla çalışanlar var.', '1 hafta önce banka işlemi için bi şubesine gittiğimde aynısını ben de düşündüm. bankaya girdiğimde yaklaşık 20 kişi sıra bekliyordu farklı farklı işlemlerden. ben makineden kredi işlemleri/kart başvurusu ile ilgili sıramı aldım. toplamda aktif 2 banko vardı ve sadece 1 dakika bekledikten sonra sıra bana gelince herkes dahil bende şaşırdım.önce gelen değil demekki işlem önceliği baz alınıyor ve bu çok yanlış. hani adam kredi çehecekya bize borclanacahhya dolar 10 lira olacahya mantığı bunlar :))', 'saçma olan algoritmadır.çözüm çok basit aslında, 1 yada 2 gişeyi özel yada şirket müşterileri için ayıracaksın, diğer gişeler de sıraya göre ayırmadan müşterilere bakacak.', ""florya'daki bankaların çoğu rahat çalışma prensibi belirlemiştir. geçen hafta pazartesi ben de yatırdım aynı şubeden , üç kişiden ikisi kafasına göre sıra numarası yakıp, müşteri alıyor. yapı kredi hele evlere şenlik."", 'valla bankadaki muhtemelen en yüksek parası olanlardan biriyimdir. ama bana da memnun edici sıra vermiyor. ilk gelene öncelik mantığı bence de mantıklı. o zamanda fatura ödeyecek ancalar öne geçer gerçi ama gene de en iyisi ilk gelen önce işlem yapar mantığı olmalı.başıma gelen en kötü algoritma teb bankasında gelmişti. hesap açmaya gittim hayatımı karartmıştı. çıktım hesabı da açmadım.']"
6,21.06.2019,"['eğer her gelen önünüze geçiyorsa emeklilerin üç aylıklarının yattığı gün bankaya gittiğinizi gösteren algoritmadır.', 'yavşaklığın algoritması mı olur aq? olsa olsa, yavşaklığın üstüne bir de ibneliktir, puştluktur.', '(bkz: garanti bankası/@barut hakki)', 'karlılık ile alakalı algoritmadır. garanti bankasına ne kadar kazandırırsan o kadar adam yerine koyar seni.', 'bankalarda sırf bu iş için uğraşan iş birimleri ve yazılım ekipleri var. big data yardımıyla hangi müşteriden en verimli şekilde para kazanıp memnuniyet sağlar bunu ölçerler ve algoritma buna göre şekillenir. örneğin platinum müşteriysen ve kartınla sıra alırsan seni o kuyrukta neredeyse başa geçirir. buna benzer onlarca parametre olabilir. gayet olağandır bu devirde.', 'randevuyla gidin, sıra beklemeden ilk boş gişeye geçersiniz..', 'sırf bu bok yüzünden yaklaşık 10 yıldır garanti’ nin herhangi bir şubesine girmedim. ikerim senedini, icraya öderim daha iyi...', 'ben de bu algoritma yüzünden zamanında garanti bankası ile çalışmayı bırakanlardanım. diğer bankalarda bana öncelik tanıyan algoritma sadece garanti bankasında her geleni önüme almaktaydı.', 'sizin işiniz acelesine bakmayan algoritmadır. tamamen mevduatta bulunan paranıza göre sistem size sıra verir. (ne kadar para o kadar hızlı işlemler.) yani öyle lifo, fifo algoritmaları felan çalışmaz burda.*', 'parası olan zaten sıra beklemiyor. mobilden randevu alıp gidin bazı arkadaşların yazdığı gibi. bir kere sıra bekliyorsan normaldir ikinci kez sıra bekliyorsan kafa tmm basmamış olabilir ama üçüncü kez sıra bekliyorsan kusura bakma da kafa hiç çalışmıyor demek ki kardeşim.']"
7,21.06.2019,"['kendi çalıştığım banka için söylüyorum', 'garanti masters müşterisi olarak bekleyenlere üzüldüğüm sıra.', ""sözlükteki aöf mezunu ceo'lar gm'ler toplanmış yine bankaya akıl veriyolar. he amk siz çok akıllısınız banka yöneticileri gerizekalı"", 'konu 4 sayfa olmuş, ben ise halen bu kadar adamın şubeye ne diye gittiğini merak ediyorum. her işimi internet şubesinden hallediyorum. bu arada garanti çalışacağım son banka bile olamaz. başka yere taşıyın paranızı.', 'şimdi şöyle ', 'bugun 45 dk bekleyerek, hatta bizden sonra gelip sira alanlarin onumuze gecmesini usulca seyrederken merak ettigim algoritma', '(bkz: koç holding)(bkz: vampir)(bkz: kan)', 'garantide çalışan arkadaşım kasıtlı olarak yavaş işlem yaptırılarak bankanın dolu gözükmesi talimatı aldıklarını söylemişti', 'garanti bankasını bilmiyorum ama yapı kredi bankasın da ışlem yapmak için 3 saat bekledim abartmiyorum gerçekten 3 saat', 'basit algoritmadır.açıklıyorum!bir tane sizin elinizdeki gruptan, beşer tane diğer gruplardan. sonra yine bir tane sizin gruptan sonra üçer tane diğer gruplardan. sıfır tane daha sizin gruptan, ikişer tane daha diğer gruplardan.bunun nesini anlamıyorsunuz? çok basit.']"
8,21.06.2019,"['bu başlıkta dikkatimi çeken bir durum var !neredeyse herkes bu konuda veya başka konularda garanti bankasından şikayet ediyor. peki çok sevgili güzel kardeşim neden inatla o bankayı kullanmaya devam ediyorsunuz ?bu nasıl bir celladına aşık olma psikolojisi nasıl bir mazoşist bir yaklaşımdır ?değerli arkadaşlar bu gezegende nakit paradan veya anlık nakite çevrilebilecek altın vs... den daha değerli bir eşya yok. o bankaları ayakta tutan sizlersiniz. banka ile böyle dertleriniz mi var ? çalışmayın... bakın ciddiyim aynı sorundan o koskoca garanti bankası 1000 kişiyi kaybetsin o algoritma toz olur...yahu hem cebinizde paranız var. hem de bankaların size köpek çekmesine izin veriyorsunuz. sizsiniz değerli olan ya... işini düzgün yapamayan banka ya kendini düzeltsin ya da batsın. bu kadar basit. ne kadar meraklısınız kendinize acı çektirmeye...', 'bundan 5 sene önce şikayette bulunmuştum bu konuyla alakalı ve cevap olarak verdikleri mail tamamen saçmalıktı ( biz belirlemiyoruz bilgisayar otomatik belirliyor gibisinden ). başka hiçbir bankada bu anormal durumu yaşamazsınız emin olun. bankada 2 kişi varken o 2 kişi bitmedi ve tam 1 saat beklemek zorunda kalmıştım kısaca.tanım : gerizekalı bir yazılımcının yazdığı algoritma', 'adalet duygusu banka sırasında depreşenlerle, banka meselesi açıldığında anarşist kesilenler geldiğine göre başlığı kapatabiliriz.(bkz: internet bankacılığı)', 'hayatım boyunca 200 kez banka şubesine gitmişsem, 200 kez sinirlerim bozulmuş olarak ayrıldım. bu kadar sikik işleyen bir yer olamaz. neredeyse 10 sene oldu ve önünden dahi geçmiyorum hiç bir şubenin. bir şekilde birden fazla banka uygulaması kullanarak bütün işlemleri yapıyorum. bunların o sinir bozucu mantıksız algoritmasını sikeyim.', 'açılın en öncelikliden en önceliksize dogru sıralarsak yazıyorum sıralamayı.1) o bankayla hiç bir işi olmamış sıradan kişi.2) banka müşterisi olan yaşlılar (yoksa nerden bilelim yaşını)3) sıradan müşteri (vadeli, vadesiz hesap, kredi kartı kullanıcısı vs)4) (verecegim rakamlar uydurmadır)10k -100k arası hesabı olanlar5) 101k -500k arası hesabı olanlar (uzar bu iş anladınız siz mantığı)ayrıca şubenin çok yoğun olduğu dönemlerde sistem otomatik olarak en çok bekleyenleri (2 saat gibi) aralara serpiştirerek almaya başlar.ticari müşteriye gelirsek yine aşagı yukarı aynıdır burda farklı olanlarsadece ticari hesabı olanlarticari hesabı olup aynı zamanda işçilerin maaşının yattıgı şirketler çeşitli öncelik paketleri satılmış ticariler ve ne olursa olsun büyük kurumsal şirketler her zaman en önceliklidir.ruhfakiri demir dograma ltd şti ile mercedes benz aynı değildir.durumum yoktu diyenler için özet: para konuşur gerisi boş.', ""bankanın müşteri piramitindeki yerine göre...götünü yırtsan göz'e gelemeyeceğin için, aşağıdaki 13 leveldan hangisine düştüysen, o'na göre sıranı bekliyorsun."", 'önceki gün 1.5 saat bankada bekleten algoritmadır.', 'sırf bu olay yüzünden garanti bankasındaki hesabımı kapattım', 'merakımdan soruyorum gerçekten bir insanın 2 saat boyunca neden sıra bekler bankada mobilden yapamadığınız hangi işlemi bankada fiziki olarak yapıyorsunuz merak ettimşimdiye kadar bankaya gitmişliğim pek yok 3 bankayla çalışıyorum enpara hesabına atm den parayı yatırır, kredi kartlarına havale yapar kredi kartlarının ödemesini yaparım. enparada havale, eft bedava yaşlı insanlar değilsiniz sonuç itibariyle, mobil bankacılıktan yapamayacağınız şey yok yaşlı olsanız işiniz bir nebze olur', 'bu algoritma nedeniyle garanti bankası ile çalışmıyorum, çalışmamda. bana sıra gelmesi için bankada müşteri kalmaması gerekmişti. ben iki saat bekledim, siz beni daha çok beklersiniz.']"
9,21.06.2019,"['tamamen yanlış anlaşılmış algoritmalardır. bankalarda ne kadar paranız olduğunun önemi yok. çok çok parası olanlar zaten başka şekilde işlemler yapıyor. gişe sırasında öncelik borcu çok olan ve bu borcu düzenli ödeyenlere veriliyor. sürekli kredi çekip, kredi limitini arttığında ve hesaplarınız çok hareketli olduğundan bankalar hemen size platinum bankacılığı yapıştırıyor. sıra mıra beklemiyorsunuz.', 'aynı banka geçen gün beni cep telefonumda aradı. bilgisayar sesli bir hanımefendiyle muhattap oldum. şu an bilmem kaçıncı sıradasınız diye diye bekletti beni. sonra da daha sonra tekrar arayacağız deyip kapattılar. demek ki bekletmekten zevk alıyor bunlar. sırf telefonda bekletip vaktimi almak için aramışlar.', '*', ""sıra beklemekten sıkılıp ferit şahenk'in tc kimlik numarasıyla sıra aldım, sanıyordum ki ışıklar yanıp sönecek, alarmlar çalacak ama 20dk bekledim en az yani anlayacağınız patrona bile torpil geçmeyen algoritmadır."", ""bankaya çok para kazandıran müşterileri bekletmemek üzerine kurulu algoritmadır. bankalar müşterileri, kârlı, orta ve kârsız müşteri olarak 3 gruba ayırıyor. sıra verilirken görevli personel değişiklik yapmazsa 3 kârlı, 2 orta, 1 kârsız müşteri sırayla sıramatik tarafından çağırılıyor. nereden mi biliyorum. bankada neden onca insan varken hiç sıra beklemiyorum diye bir bankacıya sordum. galiba kapitalizme karşı boş değilim. garanti bankasındaki esas sorun, şube başına müşteri sayısının çok olması. yani bankanın masraftan kaçıp yeni şube ve personel işine girmemesibu ayrıcalıktan atmlerde faydalanamamak benim için çok can sıkıcı. çoğunlukla atm' kullanıyorum ama hesabımda tonla para olmasına rağmen herkes gibi bekliyorumşubeler kapitalist, atm'ler kominist. öğrenciyken garanti bankasında bu olayı ben de fark etmiştim ama teyit edebilecek bir bankacı tanımıyordum. bu lanet bankada muhtemelen toplamda bi 24 saat geçirmişliğim vardır. bir hayli gözlem yapmıştım. bunu bana söyleyen de veznede çalışan bir bankacı. hatta onların bilgisayarlarından bu algoritmaya müdahale edilebiliyormuş. konu para değil. bankanın müşterinin sırtından bir önceki sene ettiği kar. mesela iki kişinin 100 bin'er lira hesabında parası var. bir tanesinin parası vadelide, diğeri vadesizde. sıra vadesiz hesap sahibinin. çünkü banka vadesiz için faiz ödemesi yapmıyor.bu sistem benim doğruladığım kadarıyla işbank ve ziraat'te de var. muhtemelen diğerlerinde de vardır ama diğer bankalarda çalışan tanıdığım yok. hatta bir tık ileri gidip, banka personelinin karlı müşterilere daha yakın ve sıcak davrandığını da düşününüyorum. yani personelin ekranında muhtemelen aktif müşterinin tipi de belirtiliyor."", 'bankaların bu işi çalışma hacminize göre yaptığı aşikar fakat bu kadar şikayet varsa algoritmanın düzenlenmeye ihtiyacı var gibi. ne yapacaksın adam yeni müşteriyse mesela bekleme koltuğunda ölüme mi terk edeceksin? ek olarak, işletme bankacılığına bakan arkadaş farklıysa onun kuyruğu ayrı oluştuğundan da ilk örnekteki durum yaşanmış olabilir. garanti beni bul ben düzeltirim bu işi.', 'geçen yıl garanti one hesabı açmak için gittim. 15.20 aldığım sıra bir türlü gelmedi. 17.00 da herkes gittikten sonra tek başıma kalınca zahmet edip işlemimi sordular. durumu izah edince hesap açmak için bu saatte mi gelinir diye şeklinde bir cümle kuran banka personeline sahiplerdir.', 'garanti nezdinde tüm özel bankalarda bu iş böyledir.mesela bir senediniz vardır firma hiç çalışmadığıniz bir bankaya vermiştir senedinizi. hayatta sıra size gelmez. az önce giren adamın ışığı yanar. size gene nanik.bir noktada bu bankada da hesap açayım mı diye düşünürken bir daha gelen ne olsun kafasına ulaşıyorsunuz.garanti bu konuda başı çeker. finans kendi müşterilerini bile sevmez. iş bankası baya baya mevduat büyüklüğüne bakar. vakıf ziraat gibi yerler zaten hep kalabalık kral da olsanız o sıra beklenecek. akbank artık gişeleri kaldırmaya çalışıyor zaten.', ""diğer bankalarda da çok farklı değildir. önümde üç kişi varken yapı kredi'de 1 saat beklediğimi biliyorum. her gelen benim önüme geçti ya la. sıra numarası denen naneyi niye alıyoruz o zaman. banka kapanacaktı artık da bir zahmet sıra geldi.ben orada hesap açtırmaya çalışıyorum. yeni müşteriyim yani, maaş müşterisiyim, gayet önemliyim. dayının teki tutturmuş ben atmden değil buradan bilmemne ödücem. öbürü gelir bana para lazım kredi verin. bir sürü gerizekalı ve boş işi olan benden sonra gelip önüme geçti. e nerde adalet nerde sıra numarası? öyle algoritmayı seveyim."", 'ne yazık ki iş bankasında da böyle algoritmadır. yok mu bunun bir çaresi ya.']"
10,22.06.2019,"['herkesin yanıldığı bir durumdur. ne yaşlıya ne çocukluya önce geliyor ne de başkasına sonra. tamamen rastgele tamamen şans başka bir açıklama olamaz.', '(bkz: yallah ziraat’e)', 'denizbankla beraber açık ara en ...... ....... ....... olan bir bankadan ne beklenir. borcunuzu ödemeyince günde 500 kere aramayı bekletmezler.', ""aynı sistem akbank'da da var. bide sıramatiğe birini koymuşlar, marifet gibi bugun bankamız çok kalabalık eğer bankamılzdan hesap açtırırsanız dah hızlı sıra gelir diyordu. herşeyi geçtim bu muamele yüzünden müşterisi olmam."", '""sanıyorum çalışanların vakitlerini şikayet dinlemekle dolduramayız demişler.""bundan ziyade ""500 ki$iye telefonda konussun diye maa$ vermek yerine bilgisayar sistemini kurup 50 ki$i cali$tiralim"" demislerdir.siz dua edin turkiye\'de ingilizce ana dil degil, yoksa o 50 ki$iyi de hindistan\'a vs. outsource etmis olurlardi.bir yere telefon acinca direkt insanla konusabilmek 5 sene once luks oldu. gelecege ho$geldin karde$.', 'bankamatik ve internet şubesinden bihaber mudinin problemidir.', 'boynunda askılı küçük çantası ve kafasında takılı güneş gözlüğü olup sürekli telefonla konuşan yavşak tiplere öncelik veren algoritma. bilgisayar mühendisiyim ama bu konudaki en net tespitim budur.', 'seneler evvel lanet etmek suretiyle kuveyt türk ten hesap açarak kurtulduğum algoritma.banka şubesi nde fazla kişi olmaz, havale eft ücreti kesilmez, hesap işletim ücreti yoktur. banka içindeki makinalardan yüksek meblağlı para çekme yatırma işlemleri yapılır.', 'yıl olmuş 2020 hala garanti ile çalışanlar var. adı üstünde, garanti sikeceğim diyor adam sana, hala gidip hesap açıyorsun.t: keriz silkeleyici bir algoritma', 'internet şubesinden bile havale/eft ücreti alan bankanın bir de şubesine gidip mağdur ediyorsunuz kendinizi. ne kadar bekletse müstehak. onlarca banka bulunan yerde gidip orayı seçiyorsan gelip şikayet etmeyeceksin.']"
11,22.06.2019,"['bug fix yapın', 'hastanede 10 dk sıra bekleyince kavga çıkaran halkımız sonunda banka sırasına da homurdanmaya başladığını gösteren sistem. bir yerden başlanmalıydı.mesela arkadaşımız tıpkı hastane koridorlarında olduğu gibi bankada da bağırdı mı, yüksek sesle telefon konuştu mu, bizim vergilerimizle burada oturuyorsunuz diye çalışanlara artistlik yapmaya kalktı mı? yapılan işlemi beğenmeyince bankacıya yumruk attı mı?olmasın tabi. ama medeniyet kapitalist sistemin mabetleri, bankalarda, olduğu gibi her yerde olmalı.', 'yapikredi de ayni bok. sunu sirayla yaptirabilmeliyiz. ama biz mal gibi durdugumuz surece gerceklesmez.', 'sıra numarası düğmesine basılır.gelen sıra numarası 643.işlem gören sıra numaralarına goz gezdirilir.içlerindeki en alakalı olan 641.içses: “hah, 1 kişi var önümde, beklerim biraz.yarim saat sonra yanan sıra numaraları:71936755049216217368720642505152369218....(bkz: eeh eytere bea)', 'geçenlerde bornovadaki şubesinde benim ve bekleyen müşterilerin de fark ettiği sinir bozan algoritma.müşteri olarak sıramı aldım geçtim oturdum. benden önce gelenler yakınıyorlardı kendilerinden sonra gelenlere erken sıra geldiği için. benden sonra gelenlere de benden önce sıra geldi. ilginçtir ki bana sıra geldiğinde hala benden önce gelenler bekliyordu. herkes güvenlik görevlisine yakınıyor bir de. hem müşterilini hem çalışanlarını zor duruma sokan algoritmada emeği geçenlerin ...', 'bu sikko durumla 2014 antalya sıcağında tanıştım. banka mehşer yeri gibi 6 veznenin 3 ü açık, aldım no yu beklemeye başladım. banka boşaldı biz bir grup züğürt bekliyoruz. arada para babası olduğu anlaşılan yada kurye tipler birde yukarıda arkadaşın bahsettiği boynunda çanta asılı, kafasında güneş gözlüğü takılı olan taylan görünümlü yavşakımsı tipler geliyor. ama ne izzet ikram, 10 kere girdiler çıktılar ne sıra ne bekleme bi bok yok. işleride bitmiyor amklarımının. içerde homurdanma sesleri, isyan belirtileri artınca en sonunda vatandaşında işini görmeye tenezzül ettiler.kısacası parası olanın düdüğü çaldığı durumdur. bulaşmayın bunlara gerildiğinize değmez.', 'cep şubeden veya atm’den yapabileceği işlem için şubeye gelen insanlarında bekleme süresinde etkisi var.', 'garanti bankasıyla çalışmadığım için şükrettirmiştir. allah size sabır versin.', 'ödemesi son gün olan borcunuz varsa en geç gelen sistem. bizzat biliyorum.', 'garanti müşterisi değilim ama kendi bankamda sıra alırken şu sırayı izliyorum genelde hemen sıra geliyorbanka müşterisi değilim > ticari işlemler > diğer algoritma galiba şirket hesabı açacağımı falan düşünüp sırada öncelik veriyor']"
12,22.06.2019,"['derdini s...... , atm den yukarısını görüyor mu? acaba bu millet shshsjsjsj bu milletben şok', '(bkz: çaylak onay listesi algoritması)', 'garanti bankasında benim çalıştığım dönemde 9 farklı müşteri tipi vardı. banka müşterisi olmayan, sıradan müşteri/maaş müşterisi, miy dediğimiz, kobi, büyük ölçekli firma, özel/vip müşteri gibi sınıflandırmalar vardı. sistem bütün numaraları havuzda topluyordu. gişe görevlisi ekranından ‘sonraki müşteri’ butonuna tıkladığında rastgele bir numara atıyordu bilgisiyar. en çok aldığımız tepki ‘neden müşteri seçiyorsunuz kardeşim, o adamı niye aldın? ben iki saattir bekliyorum!’isimle müşteri seçmiyorduk. sonraki müşteri ve önceki müşteri butonları vardı. sonraki müşteri butonu ileriye doğru sürekli çalışırdı, ama önceki müşteri butonu sadece bir önceki yanmış numarayı yakardı tekrar. algoritma şu:yoğunluk belli. şu kadar, şu sınıftan müşteri var. ben önceliği bana en çol kazandırana vereyim. bir vip alayım, bir büyük ölçekli alayım, araya bir miy sıkıştırayım, 2-3 müşterim olmayanı alayım, biraz kobi. benim kazançlı müşterim beklemesin ama yoğunluğu da eriteyim. sadece bu. ben müşteri olarak girdiğimde kartı taktığımda o an şirket yoksa içerde 30 kişinin önüne geçiyordum. cırlıyordu haliyle insanlar. ama bu ne benim belirlediğim bir şeydi ne de bankadı görevlinin.garanti teknolojinin bok yemesiydi.geçen sene sanırım o 9 tip numara sistemini değiştirdiler, şimdiki sistemi pek bilmiyorum.tabii bu da garantiye özgü bir durum değil, tüm yasal tefecilerde aynı sistem var. garanti sadece en agresifleri.', ""18 yaşımdan beri garanti bankasında hesabım ve kredi kartım var. bu demek oluyor ki 16 senelik müşterisiyim. dün bankaya gittim kartımla sıra aldım. tam 1 saat oturup bekledim. artık dayanamadım ve çıktım. benden sonra gelenler işlerini halledip gittiler. böyle rezil bir sistem olamaz. kim önce sıra aldıysa ona göre işlem yapsınlar.ben 062 numarayı aldım. 100'lü numaralar vardı, 400'lü, 500'lü, 800'lü numaralar vardı. 15 tane 800'lü aldılarsa 5 tane 400'lü aldılar. 100 ve 500'lüler 1-2'şer tane aldılar. 0-100 arası olanı ise hiç almadılar."", 'kompleks bir algoritma falan yok arkadaşlar, acil iş - öncelikli iş - norma iş var belki arası bile yok birde işlem tiplerine göre bir iç sıralaması var yoksa kompleks bir algoritma kaç yıldır müşteri olduğunuza kredi notunuza falan bakmıyor.paranız varsa zaten gelince banka müdürünün yanına çıkarsınız veya önceden işleminiz bilindiği için karşılarlar sizi içerde ki arkadaşlar.', 'yaklasik 7 yil aradan sonra yurt disindan tr’ye geldim. saat 4 civari banka subesine gittim. 2 tane acik gise vardi. ikisi de doluydu ve sira fisi aldim. tek bekleyen bendim. benden hemen sonra birisi geldi sira fisi aldi ve giseden onun numarasi yandi. yaklasik 3dk sonra baska birisi ayni sekilde benden once cagrildi. tek tek saydim, benden sonra gelen tam 15 kisiyi benden once cagirdilar. tek basima sandalyede 40dk bekledim. sonunda ciktim subeden gittim. adaletsizlik ulkenin damarlarina islemis resmen. amerika’da eger sirada bekliyorsaniz banka muduru sizi siradan alip kendi masasinda agirliyor. ben 7 yilda hic bir banka subesinde 10dk’dan fazla bekledigimi hatirlamiyorum. oncelikli musteri diye bir sacmalik yok. kim once gelirse o siraya girer, kural bu kadar basittir.', 'bu yıl bir kere şim düştü. benim de dikkatimi çekti: berbattır', 'cast sisteminin bankacılığa yansıması ve haksızlığı önlemek için gelen numara sisteminin, hak yeme aracı haline getirilmesidir. daha uzun yazacağım fırsat bulunca. zira bu rezaletten çok çektim.', 'bahsedilen şubede 7 yıl öncesine kadar aynı dertten muzdariptim.çoğu zaman ve ne yazık ki mecburen 45-50 dakikadan önce çıkamazdım.çok şükür o şubeyle ve o bankayla artık işim olmuyor.', 'algoritmayı bilmem, ancak geçen sene bir dönem sattığım arabamın parası banka hesabımdayken sıra fişim hep 550 numara geliyordu. hangi şubeye hangi saatte gidersem gideyim, hep 550...ya bir, ya iki sıra sonra 550 yanıyordu, işlemimi yaptırıyordum hemen.şimdi o kadar para yok, hep değişik sıra sayısı geliyor ve en az 6-7 sıra bekliyorum.']"
13,22.06.2019,"['ne alaka ama enpara reklamı yapasım geldi.bütün hesaplarım anparada ve çok mutluyum.siz de geçin la enparaya.', 'şimdi ben de konuyla alakalı bi hikâye paylaşayım dolaylı yoldan olayların varabileceği boyutlar konusunda', 'bunlar müşteriyi telefon arayip sonra da şu an bütün müşteri temsilcilerimiz diğer müşterilerimize hizmet vermektedir"" diye kendi aradıkları müşteriyi beklemeye alan adamlar. ne beklenir ki.', 'aynı sorunu yaşıyorum. kırsal bir yerde yaşıyorum. bir keresinde bi amca ""yav siz sıraya göre almiyır mısınız? niye bana sıra gelmiyr?"" minvalinde bankada bağırarak tepki göstermişti. tepki göstermesemde aynı problemi yaşıyor, gereksiz yere bekliyorum.', 'garanti şey değil mi ya, aynı bokun yeşil olanı?bankacılık sektörü dünyanın en orospu çocuğu sektörüdür.bütün bankalar bu orospu çocukluğu pastasından pay kapmaya çalışır.kimi numeratör’e taşaklı önceliği koyar', 'garanti bankası bu konuda gerçeketen epic fail bir bankadır. miles and smiles kredi kartı için başvurduğum zaman eksik bilgi dolayısıyla bir şubeye giderek imza ve bilgi güncelleme yapmamı istemişlerdi. ben de bir şubeye gittim ve 2 saat boyunca sıra gelmemişti. işim olduğundan çıkıp gitmiştim. daha sonra şirketten bir arkadaşla tekrar gittiğimde arkadaş şirketin vergi numarasını ekrana yazdı ve şube bir öncekinden daha kalabalık olmasına rağmen anında sıra geldi.', 'garanti bankası kelimenin tam anlamıyla bataklıktır kullandığım tek kredi kartım vardı kapattım bir daha asla ama asla çalışmayı bırakın yanından geçmeyeceğim bankadır . bu sorunlu müşteri ilişkileri yönetimiyle elinde sonunda kaybetmeye mahkumdur', 'türkiyenin en değerli şirketidir garanti bank. halk kendisi yaratır katillerini. banka içinde geçerli sanırım bu söz.', 'hesaplarimin bir kismi garanti bankasinda oldugu icin basima gelmeyen durumdur. platinum kartim sayesinde hangi sube olursa olsun asla sira beklemiyorum. hos bu sene 100 lira kart kullanim bedeli sapladilar ama onun acisini fazlasiyla cikariyorum.', 'bir bankacı olarak, cevap verme hakkım dogdugunu düsündügüm algoritmadır. algoritmanın en pis yanının hep size gelmesi tesadüf mü sizce ? 15 sayfa boyunca herkes 2 saat beklediginden bahsetmis. peki bu beklemeyenler nerede ? algoritma sırada her zaman yaslılara, ticari müsterilere, 1 mio üzeri mevduatı olan müsterilere, birebir müsterilere, ve yönlendirme sıralarına oncelik verir. hesapta 500.000 bile olsa sen normal bireysel müsteri oluyorsun banka icin. ticariler ve 1 mio ustu musteriler senin onune geciyor. hele banka musteri degilsen hic gitme. onlara hic sira gelmiyor. kösede uyuyor onlar. bir umut sıra gelecek diye. bir de giseci arkadaslara bagiran hayvanlar var bu yuzden. ulan adamlar 2300 liraya amele gibi calisiyorlar. sanki algoritmayi onlar yazdi. ise yeni baslayanlar alttan aliyor. ‘’tamam beyefendi, haklisiniz beyefendi’’ diyor. ben su an cok gise calismiyorum. yüklü para gelirse onlari aliyorum. cek senet haciz islerine bakiyorum daha cok. ama gise calistigim zaman birisi boyle bagirmaya baslayinca agzinin payini veriyorum susup oturuyor. hic acimam. mudure cikiyorlar bazen. sonra kuzu kuzu gelip tekrar sira bekliyorlar. yapacak bir sey yok maalesef. bizim bankada 5 cesit sira var. garantiyi bilemem. ama bazi bankalarda 15 cesit farkli sıra var. algortmanin minakoymuslar. garantisporlu degilim. sanmayin ki bankalari cok severim. günahım kadar sevmem. 6 aya istifa edicem zaten. size tavsiyem ']"
14,22.06.2019,"['pasaport bedeli yatırmak için şubeye girdim. banka kartını sokup numara aldım. 1 kişi vardı bekleyen neyse en fazla ikinci sırada benim işlemim olması gerekirken kapıdan giren 4-5 kişi sıra alıp 1 kişi de mimik hareketleriyle sıra harici önümde işlem yaptı. söyleyecek bir şey bulamıyorum.', 'böyle algoritma mı olur amk. içeri girdiğimde 1 kişi bekleyen vardı 7 kişi arkamdan gelip sıra alıp işlem yaptı bankada. önümde 1 kişi var amk sıra almaya bile gerek yok 1 kişi ya işini bitircek arkasından ben geçicem ama yok. yavas yavas 7 kişi aldı önüme sikerler böyle algoritmayı.', 'işlem hacmi ve bankadaki mevduat durumu ile doğru orantılı bir yazılım olmak zorundadır. şube müşterisine ve işlem aciliyeti olan döviz bürosu , nakit akış yönetimi yapan diğer kurumlara da farklı numara verildiği bilinen birşeydir.', ""bu başlık daha yeni açılmış ben garanti bankasının bu olayını 2013'te google maps yorumlarına da foursquare'ya yazmıştım, 6 sene olmuş hala aynı algoritma galiba. ses çıkarmazsak beklemeye devam edeceğiz.edit: eylül 2012'de foursquare'a yazmışım. 7 yıl olmuş."", 'şubesiz bankacılığa teşvik etmeye çalışıyorlar ama bunu şark kurnazlığı ile yapıyorlar. bbva ismi eklendiğinden beri farkındaysanız bazı şubelerde vezne bile yok artık. sadece bir kişi çalışıyor ve o da mümkün olduğunca telefon uygulamasına yönlendiriyor müşterileri. atmlerin para koyma hazneleri genişledi farkındaysanız. artık gidin atmlerden para yatırın diyorlar. yüksek meblağ bile olsa gelmeyin şubeye diyorlar. ama internet bankacılığında da her boka masraf almayı biliyorlar tabi. kısacası onlarca maaş, kira vs. derdinden kurtulup kar etme peşindeler. he bu güzel bir ilerleme olarak görülebilir ancak internet bankacılığı kullanmayan insanlar var, hadi onu geçtim akıllı telefon bilgisayar vs. kullanmayan insanlar var. sanırım o bir kişi de o yüzden duruyor zaten.. iyi mi kötü mü bilemedim..', 'para yatıracaksam kendi hesabıma sıra beklediğimi bile fark etmezken bir gün kardeşime yüklü bir miktar gönderecekken 1 saat 45 dakika bekleterek kişisel rekorumu arşa çıkartmış algoritmadır.', 'iyi çalışan algoritmadır, zira tüm işlemlerimi cep şubesinden yaparım, ancak bürokrasi gereği bazen dekontlara imza almak gerekiyor, 2 gün önce şubeye girdim bekleyen 15-20 kişi vardı, tck yazdım çın öttü hiç sıra beklemeden işimi hallettim ve çıktım. bence algoritma hesap hacmi, ve geçmiş işlem detaylarına göre çalışıyor yani sen hala havale yapmak için şubeye gidiyorsan inatla teknolojiyi kullanmıyorsan, paran azsa bekle diyor.', 'salakça bir uygulama basit bir işi bile bu kadar komplike yapmaya gerek yok. aklıma bir atasözü geldi göründen icat çıkarmak', 'ing ile aynıdır sanırım. çözümü ise müşteri sırasından önce müşteri değilim sırası almak *sonra kartınızla vs numara alabilirsiniz.', 'beş desk li etilerde bir şubede, müşteriden çok çalışanın olduğu bir anda, 40 dakika beklememe sebebiyet veren siksen garantinin önünden geçmem dedirten algoritmadır. müşterin değilim aracısı olduğun kurum için ödeme yapmaya gelmişim içeride 3-4 müşteriyiz 7-8 çalışan var. 40 dakika bekliyorsun. senden sonra gelen, müşterisi diye kapıdan girerken vezneye buyur ediyorlar, sen neden bu böyle oluyor diye soruyorsun algoritma diyor oradaki iş bilmez yöneticimsi. sikyim bankanızı da algoritmanızı da. ölsem girmem şubenize su istemek için.']"
15,22.06.2019,"['soyle bir aciklamadi vardi. hic sadece fatura yatirmaya gelen musteri ile bizde hesabi olan, asil bankasi oldugumuz musteri bir mi ? banka elbette para kazandiran musteriye oncelik verir, buralar hayir kurumu degil.. vahsi kapitalizm.. ben de romantik olmak istiyorum ama durum da bu..', 'sıçtığımın algoritması. hepi topu 10 kişi var bekleyen, 3 gişe çalışıyor 40 dakikadır bekliyorum. vize başvurusu için mecburen hesap hareketlerimin çıktısını almam gerekiyor, yoksa şubenin önünden geçmem.', '6 gişe çalışıyor, sabah geldiğimde önümde 15, en fazla 20 kişi vardı. bana verdiği sıra numarası 641, gişelerde yanan numaralar 30-40 lar, 500 ler, 300 ler, 100 ler. yeni gelen bireysel müşteriler 2-3 dakika sıra beklerken ben yarım saattir buradayım. bankanın müşterisi değilim senetim var parasını yatırıp onu almak için geldim. hayır 1 senedir geliyorum senetler için, banka algoritması bunu görüp ""bu mecbur bugün ödeyecek parayı, beklesin"" gibü mi düşünüyor? başka işlerim olmasa sıkıntı değil klimalı yer 2 saat de beklerim ama adam yerine koymuyorlar.']"
